{"initial_reset_timestamp": 1581963028.7316256, "timestamps": [1581963050.3018482], "episode_lengths": [654], "episode_rewards": [-157.79041524578574], "episode_types": ["t", "t", "t"]}